library_function_call,last_method_call,line,file,config,Responsable_AI_principles
aequitas.fairness.Fairness,Fairness,1058,Millan13\dpa_equipo2\Scripts\Luigi_Tasks.py,aequitas,Fairness
azureml.contrib.fairness.download_dashboard_by_upload_id,download_dashboard_by_upload_id,201,leestott\ResponsibleAI\src\detect-fairness\fairlearn.py,fairness,Fairness
clayrs.evaluation.metrics.fairness_metrics.DeltaGap,DeltaGap,647,swapUniba\ClayRS\test\evaluation\metrics\test_fairness_metrics.py,fairness,Fairness
aequitas.fairness.Fairness,Fairness,75,dapivei\data-product-architecture-final-project\notebooks\bias_fairness_nyc311.py,aequitas,Fairness
clayrs.evaluation.metrics.fairness_metrics.DeltaGap,DeltaGap,643,swapUniba\ClayRS\test\evaluation\metrics\test_fairness_metrics.py,fairness,Fairness
toolkit_fai.compute_fairness_measures,compute_fairness_measures,114,basisai\credit-risk\xai_fairness\static_fai.py,fairness,Fairness
dexter.models.DocumentFairness,DocumentFairness,23,Code4SA\mma-dexter\tests\functional\test_article_view.py,models.,Fairness
tensorflow_privacy.privacy.membership_inference_attack.data_structures.AttackResults,AttackResults,228,data-science-on-aws-workshop-2021-06-28\07_train\privacy\tensorflow_privacy\privacy\membership_inference_attack\data_structures_test.py,privacy,Privacy
crypten.cryptensor,crypten.cryptensor,22,hitimr\ML_2020\Ex3\tensor_benchmark.py,crypten,Privacy
opacus.profiler.profiler.record,profiler.record,63,parkbeomsik\opacus-fusion\opacus\grad_sample\embedding.py,opacus,Privacy
tensorflow_privacy.privacy.bolt_on.models.BoltOnModel,models.BoltOnModel,270,riku1212\dp-tsc-baseline\privacy\tensorflow_privacy\privacy\bolt_on\models_test.py,privacy,Privacy
tensorflow_privacy.privacy.dp_query.quantile_estimator_query.QuantileEstimatorQuery,quantile_estimator_query.QuantileEstimatorQuery,27,aws-ds-NLP-BERT\07_train\wip\privacy\tensorflow_privacy\privacy\dp_query\quantile_estimator_query_test.py,privacy,Privacy
tensorflow_privacy.privacy.membership_inference_attack.membership_inference_attack.run_attacks,mia.run_attacks,69,vijay-khanna\data-science-on-aws-sagemaker\07_train\wip\privacy\tensorflow_privacy\privacy\membership_inference_attack\membership_inference_attack_test.py,privacy,Privacy
tensorflow_privacy.privacy.analysis.rdp_accountant.compute_rdp,compute_rdp,164,vijay-khanna\data-science-on-aws-sagemaker\07_train\wip\privacy\tutorials\mnist_lr_tutorial.py,privacy,Privacy
tensorflow_privacy.privacy.analysis.rdp_accountant.compute_rdp,compute_rdp,46,aws-ds-NLP-BERT\07_train\wip\privacy\tutorials\mnist_dpsgd_tutorial_vectorized.py,privacy,Privacy
tensorflow_privacy.privacy.analysis.rdp_accountant.get_privacy_spent,get_privacy_spent,27,data-science-on-aws-workshop-2021-06-28\07_train\privacy\tensorflow_privacy\privacy\analysis\compute_dp_sgd_privacy_lib.py,privacy,Privacy
tensorflow_privacy.privacy.analysis.privacy_ledger.SampleEntry,privacy_ledger.SampleEntry,164,leoalexand\aws-ds-NLP-BERT\07_train\wip\privacy\tensorflow_privacy\privacy\analysis\rdp_accountant_test.py,privacy,Privacy
tensorflow_privacy.privacy.dp_query.test_utils.run_query,test_utils.run_query,55,data-science-on-aws-workshop-2021-06-28\07_train\privacy\tensorflow_privacy\privacy\analysis\privacy_ledger_test.py,privacy,Privacy
tensorflow_privacy.privacy.dp_query.gaussian_query.GaussianSumQuery,gaussian_query.GaussianSumQuery,24,riku1212\dp-tsc-baseline\privacy\tensorflow_privacy\privacy\dp_query\gaussian_query_test.py,privacy,Privacy
tensorflow_privacy.privacy.dp_query.test_utils.run_query,test_utils.run_query,101,data-science-on-aws-sagemaker\07_train\wip\privacy\tensorflow_privacy\privacy\dp_query\quantile_estimator_query_test.py,privacy,Privacy
tensorflow_privacy.privacy.membership_inference_attack.dataset_slicing.get_single_slice_specs,get_single_slice_specs,36,vijay-khanna\data-science-on-aws-sagemaker\07_train\wip\privacy\tensorflow_privacy\privacy\membership_inference_attack\dataset_slicing_test.py,privacy,Privacy
tensorflow_privacy.privacy.dp_query.gaussian_query.GaussianSumQuery,gaussian_query.GaussianSumQuery,98,ChubaOraka\data-science-on-aws-workshop-2021-06-28\07_train\privacy\tensorflow_privacy\privacy\optimizers\dp_optimizer_eager_test.py,privacy,Privacy
tensorflow_privacy.privacy.analysis.privacy_ledger.QueryWithLedger,privacy_ledger.QueryWithLedger,273,data-science-on-aws-sagemaker\07_train\wip\privacy\tensorflow_privacy\privacy\optimizers\dp_optimizer_test.py,privacy,Privacy
tensorflow_privacy.privacy.dp_query.gaussian_query.GaussianSumQuery,gaussian_query.GaussianSumQuery,146,data-science-on-aws-workshop-2021-06-28\07_train\privacy\tensorflow_privacy\privacy\optimizers\dp_optimizer_test.py,privacy,Privacy
tensorflow_privacy.privacy.membership_inference_attack.data_structures.AttackResultsCollection.load,AttackResultsCollection.load,248,ChubaOraka\data-science-on-aws-workshop-2021-06-28\07_train\privacy\tensorflow_privacy\privacy\membership_inference_attack\data_structures_test.py,privacy,Privacy
tensorflow_privacy.privacy.membership_inference_attack.utils.log_loss,log_loss,32,vijay-khanna\data-science-on-aws-sagemaker\07_train\wip\privacy\tensorflow_privacy\privacy\membership_inference_attack\keras_evaluation.py,privacy,Privacy
tensorflow_privacy.privacy.membership_inference_attack.data_structures.get_flattened_attack_metrics,get_flattened_attack_metrics,56,data-science-on-aws-workshop-2021-06-28\07_train\privacy\tensorflow_privacy\privacy\membership_inference_attack\keras_evaluation_test.py,privacy,Privacy
tensorflow_privacy.privacy.analysis.compute_noise_from_budget_lib.compute_noise,compute_noise,121,NigeloYang\federated_learning_differential_privacy\Federated_Learning\paper_model\DP_FedAvg\FLModel.py,privacy,Privacy
tensorflow_privacy.privacy.estimators.test_utils.make_input_data,test_utils.make_input_data,41,aws-ds-NLP-BERT\07_train\wip\privacy\tensorflow_privacy\privacy\estimators\binary_class_head_test.py,privacy,Privacy
tensorflow_privacy.privacy.membership_inference_attack.utils_tensorboard.write_results_to_tensorboard,write_results_to_tensorboard,111,vijay-khanna\data-science-on-aws-sagemaker\07_train\wip\privacy\tensorflow_privacy\privacy\membership_inference_attack\tf_estimator_evaluation.py,privacy,Privacy
tensorflow_privacy.privacy.dp_query.gaussian_query.GaussianSumQuery,gaussian_query.GaussianSumQuery,218,vijay-khanna\data-science-on-aws-sagemaker\07_train\wip\privacy\tensorflow_privacy\privacy\optimizers\dp_optimizer.py,privacy,Privacy
tensorflow_privacy.privacy.membership_inference_attack.data_structures.SingleSliceSpec,SingleSliceSpec,108,ChubaOraka\data-science-on-aws-workshop-2021-06-28\07_train\privacy\tensorflow_privacy\privacy\membership_inference_attack\dataset_slicing.py,privacy,Privacy
tensorflow_privacy.privacy.membership_inference_attack.data_structures.SingleSliceSpec,SingleSliceSpec,102,data-science-on-aws-sagemaker\07_train\wip\privacy\tensorflow_privacy\privacy\membership_inference_attack\dataset_slicing.py,privacy,Privacy
tensorflow_privacy.privacy.analysis.tensor_buffer.TensorBuffer,tensor_buffer.TensorBuffer,37,ChubaOraka\data-science-on-aws-workshop-2021-06-28\07_train\privacy\tensorflow_privacy\privacy\analysis\tensor_buffer_test_eager.py,privacy,Privacy
tensorflow_privacy.privacy.membership_inference_attack.data_structures.SingleSliceSpec,SingleSliceSpec,97,data-science-on-aws-sagemaker\07_train\wip\privacy\tensorflow_privacy\privacy\membership_inference_attack\dataset_slicing.py,privacy,Privacy
tensorflow_privacy.privacy.membership_inference_attack.plotting.plot_roc_curve,plotting.plot_roc_curve,197,aws-ds-NLP-BERT\07_train\wip\privacy\tensorflow_privacy\privacy\membership_inference_attack\example.py,privacy,Privacy
tensorflow_privacy.privacy.dp_query.test_utils.run_query,test_utils.run_query,282,leoalexand\aws-ds-NLP-BERT\07_train\wip\privacy\tensorflow_privacy\privacy\dp_query\quantile_adaptive_clip_sum_query_test.py,privacy,Privacy
tensorflow_privacy.privacy.bolt_on.optimizers.BoltOn,opt.BoltOn,263,leoalexand\aws-ds-NLP-BERT\07_train\wip\privacy\tensorflow_privacy\privacy\bolt_on\optimizers_test.py,privacy,Privacy
tensorflow_privacy.privacy.estimators.test_utils.make_input_fn,test_utils.make_input_fn,77,aws-ds-NLP-BERT\07_train\wip\privacy\tensorflow_privacy\privacy\estimators\v1\head_test.py,privacy,Privacy
tensorflow_privacy.privacy.membership_inference_attack.membership_inference_attack.run_attacks,mia.run_attacks,26,aws-ds-NLP-BERT\07_train\wip\privacy\tensorflow_privacy\privacy\membership_inference_attack\membership_inference_attack_test.py,privacy,Privacy
tensorflow_privacy.privacy.analysis.tensor_buffer.TensorBuffer,tensor_buffer.TensorBuffer,74,vijay-khanna\data-science-on-aws-sagemaker\07_train\wip\privacy\tensorflow_privacy\privacy\analysis\privacy_ledger.py,privacy,Privacy
tensorflow_privacy.privacy.dp_query.gaussian_query.GaussianSumQuery,gaussian_query.GaussianSumQuery,27,vijay-khanna\data-science-on-aws-sagemaker\07_train\wip\privacy\tensorflow_privacy\privacy\dp_query\nested_query_test.py,privacy,Privacy
tensorflow_privacy.privacy.membership_inference_attack.tf_estimator_evaluation.run_attack_on_tf_estimator_model,tf_estimator_evaluation.run_attack_on_tf_estimator_model,89,aws-ds-NLP-BERT\07_train\wip\privacy\tensorflow_privacy\privacy\membership_inference_attack\tf_estimator_evaluation_test.py,privacy,Privacy
tensorflow_privacy.privacy.membership_inference_attack.data_structures.SlicingSpec,SlicingSpec,137,data-science-on-aws-sagemaker\07_train\wip\privacy\tensorflow_privacy\privacy\membership_inference_attack\tf_estimator_evaluation_example.py,privacy,Privacy
tensorflow_privacy.privacy.estimators.test_utils.make_model_fn,test_utils.make_model_fn,56,aws-ds-NLP-BERT\07_train\wip\privacy\tensorflow_privacy\privacy\estimators\multi_class_head_test.py,privacy,Privacy
tensorflow_privacy.privacy.bolt_on.optimizers.GammaBetaDecreasingStep,opt.GammaBetaDecreasingStep,557,ChubaOraka\data-science-on-aws-workshop-2021-05-15\07_train\privacy\tensorflow_privacy\privacy\bolt_on\optimizers_test.py,privacy,Privacy
crypten.communicator.get,mpc_comm.get,12,hitimr\ML_2020\old\peter\crypten\ex3_lib\mpc_tests.py,crypten,Privacy
tensorflow_privacy.privacy.membership_inference_attack.data_structures.AttackInputData,AttackInputData,16,leoalexand\aws-ds-NLP-BERT\07_train\wip\privacy\tensorflow_privacy\privacy\membership_inference_attack\membership_inference_attack_test.py,privacy,Privacy
tensorflow_privacy.privacy.bolt_on.optimizers.GammaBetaDecreasingStep,opt.GammaBetaDecreasingStep,557,data-science-on-aws-sagemaker\07_train\wip\privacy\tensorflow_privacy\privacy\bolt_on\optimizers_test.py,privacy,Privacy
tensorflow_privacy.privacy.dp_query.quantile_estimator_query.QuantileEstimatorQuery,quantile_estimator_query.QuantileEstimatorQuery,27,ChubaOraka\data-science-on-aws-workshop-2021-06-28\07_train\privacy\tensorflow_privacy\privacy\dp_query\quantile_estimator_query_test.py,privacy,Privacy
tensorflow_privacy.privacy.membership_inference_attack.data_structures.get_flattened_attack_metrics,get_flattened_attack_metrics,77,data-science-on-aws-workshop-2021-06-28\07_train\privacy\tensorflow_privacy\privacy\membership_inference_attack\tf_estimator_evaluation_test.py,privacy,Privacy
opacus.utils.clipping.ConstantPerLayerClipper,ConstantPerLayerClipper,84,msai-amin\DP-FL\opacus\tests\per_sample_gradient_clip_test.py,opacus,Privacy
tensorflow_privacy.privacy.optimizers.dp_optimizer.DPGradientDescentGaussianOptimizer,dp_optimizer.DPGradientDescentGaussianOptimizer,66,ChubaOraka\data-science-on-aws-workshop-2021-06-28\07_train\privacy\tutorials\mnist_lr_tutorial.py,privacy,Privacy
tensorflow_privacy.privacy.analysis.rdp_accountant.compute_rdp,compute_rdp,25,vijay-khanna\data-science-on-aws-sagemaker\07_train\wip\privacy\tensorflow_privacy\privacy\analysis\compute_dp_sgd_privacy_lib.py,privacy,Privacy
tensorflow_privacy.privacy.membership_inference_attack.data_structures.AttackResults,AttackResults,220,vijay-khanna\data-science-on-aws-sagemaker\07_train\wip\privacy\tensorflow_privacy\privacy\membership_inference_attack\data_structures_test.py,privacy,Privacy
tensorflow_privacy.privacy.dp_query.test_utils.run_query,test_utils.run_query,89,riku1212\dp-tsc-baseline\privacy\tensorflow_privacy\privacy\dp_query\nested_query_test.py,privacy,Privacy
privacy.analysis.rdp_accountant.compute_rdp,rdp_accountant.compute_rdp,65,vijay-khanna\data-science-on-aws-sagemaker\10_pipeline\kubeflow\wip\privacy\analysis\rdp_accountant_test.py,privacy,Privacy
tensorflow_privacy.privacy.membership_inference_attack.data_structures.AttackResultsCollection,AttackResultsCollection,89,vijay-khanna\data-science-on-aws-sagemaker\07_train\wip\privacy\tensorflow_privacy\privacy\membership_inference_attack\privacy_report_test.py,privacy,Privacy
tensorflow_privacy.privacy.bolt_on.models.BoltOnModel,models.BoltOnModel,374,leoalexand\aws-ds-NLP-BERT\07_train\wip\privacy\tensorflow_privacy\privacy\bolt_on\models_test.py,privacy,Privacy
differential_privacy.multiple_teachers.input.ld_cifar10,input.ld_cifar10,47,leoalexand\aws-ds-NLP-BERT\10_pipeline\kubeflow\wip\privacy\research\pate_2017\train_teachers.py,privacy,Privacy
privacy.optimizers.gaussian_query.GaussianAverageQuery,gaussian_query.GaussianAverageQuery,68,data-science-on-aws-sagemaker\10_pipeline\kubeflow\wip\privacy\optimizers\nested_query_test.py,privacy,Privacy
tensorflow_privacy.privacy.dp_query.test_utils.run_query,test_utils.run_query,114,aws-ds-NLP-BERT\07_train\wip\privacy\tensorflow_privacy\privacy\dp_query\gaussian_query_test.py,privacy,Privacy
opacus.utils.module_inspection.ModelInspector,mi.ModelInspector,80,woodyx218\opacus_global_clipping\opacus\utils\tests\module_inspection_test.py,opacus,Privacy
tensorflow_privacy.privacy.bolt_on.optimizers.BoltOn,opt.BoltOn,263,data-science-on-aws-workshop-2021-06-28\07_train\privacy\tensorflow_privacy\privacy\bolt_on\optimizers_test.py,privacy,Privacy
opacus.profiler.profiler.add_time_explicit,profiler.add_time_explicit,1135,parkbeomsik\opacus-fusion\opacus\optimizers\optimizer.py,opacus,Privacy
tensorflow_privacy.privacy.dp_query.nested_query.NestedSumQuery,nested_query.NestedSumQuery,128,data-science-on-aws-sagemaker\07_train\wip\privacy\tensorflow_privacy\privacy\dp_query\nested_query_test.py,privacy,Privacy
privacy.optimizers.nested_query.NestedQuery,nested_query.NestedQuery,107,leoalexand\aws-ds-NLP-BERT\10_pipeline\kubeflow\wip\privacy\optimizers\nested_query_test.py,privacy,Privacy
crypten.communicator.get,mpc_comm.get,22,hitimr\ML_2020\Ex3\ex3_lib\mpc_tests.py,crypten,Privacy
tensorflow_privacy.privacy.membership_inference_attack.privacy_report.plot_by_epochs,privacy_report.plot_by_epochs,151,ChubaOraka\data-science-on-aws-workshop-2021-05-15\07_train\privacy\tensorflow_privacy\privacy\membership_inference_attack\example.py,privacy,Privacy
differential_privacy.multiple_teachers.deep_cnn.softmax_preds,deep_cnn.softmax_preds,181,aws-ds-NLP-BERT\10_pipeline\kubeflow\wip\privacy\research\pate_2017\train_student.py,privacy,Privacy
crypten.cryptensor,crypten.cryptensor,301,hitimr\ML_2020\Ex3\mpc_train.py,crypten,Privacy
opacus.custom_tensor.PerBatchGrads,PerBatchGrads,708,parkbeomsik\opacus-fusion\opacus\optimizers\optimizer.py,opacus,Privacy
tensorflow_privacy.privacy.membership_inference_attack.data_structures.SingleSliceSpec,SingleSliceSpec,56,leoalexand\aws-ds-NLP-BERT\07_train\wip\privacy\tensorflow_privacy\privacy\membership_inference_attack\dataset_slicing_test.py,privacy,Privacy
tensorflow_privacy.privacy.analysis.tensor_buffer.TensorBuffer,tensor_buffer.TensorBuffer,47,ChubaOraka\data-science-on-aws-workshop-2021-05-15\07_train\privacy\tensorflow_privacy\privacy\analysis\tensor_buffer_test_eager.py,privacy,Privacy
privacy.analysis.rdp_accountant.compute_rdp,compute_rdp,151,vijay-khanna\data-science-on-aws-sagemaker\10_pipeline\kubeflow\wip\privacy\tutorials\mnist_dpsgd_tutorial.py,privacy,Privacy
tensorflow_privacy.privacy.membership_inference_attack.data_structures.SlicingSpec,SlicingSpec,87,data-science-on-aws-workshop-2021-06-28\07_train\privacy\tensorflow_privacy\privacy\membership_inference_attack\keras_evaluation_example.py,privacy,Privacy
opacus.utils.module_inspection.ModelInspector,ModelInspector,47,woodyx218\opacus_global_clipping\opacus\dp_model_inspector.py,opacus,Privacy
tensorflow_privacy.privacy.membership_inference_attack.privacy_report.plot_privacy_vs_accuracy,privacy_report.plot_privacy_vs_accuracy,147,data-science-on-aws-sagemaker\07_train\wip\privacy\tensorflow_privacy\privacy\membership_inference_attack\privacy_report_test.py,privacy,Privacy
tensorflow_privacy.privacy.optimizers.dp_optimizer.DPAdamGaussianOptimizer,dp_optimizer.DPAdamGaussianOptimizer,86,data-science-on-aws-workshop-2021-06-28\07_train\privacy\tutorials\lm_dpsgd_tutorial.py,privacy,Privacy
opacus.utils.uniform_sampler.UniformWithReplacementSampler,UniformWithReplacementSampler,302,woodyx218\opacus_global_clipping\examples\cifar10.py,opacus,Privacy
tensorflow_privacy.privacy.dp_query.test_utils.run_query,test_utils.run_query,110,ChubaOraka\data-science-on-aws-workshop-2021-05-15\07_train\privacy\tensorflow_privacy\privacy\analysis\privacy_ledger_test.py,privacy,Privacy
tensorflow_privacy.privacy.dp_query.gaussian_query.GaussianSumQuery,gaussian_query.GaussianSumQuery,80,data-science-on-aws-workshop-2021-06-28\07_train\privacy\tensorflow_privacy\privacy\optimizers\dp_optimizer_test.py,privacy,Privacy
tensorflow_privacy.privacy.bolt_on.models.BoltOnModel,models.BoltOnModel,201,aws-ds-NLP-BERT\07_train\wip\privacy\tensorflow_privacy\privacy\bolt_on\models_test.py,privacy,Privacy
tensorflow_privacy.privacy.bolt_on.losses.StrongConvexBinaryCrossentropy,StrongConvexBinaryCrossentropy,200,ChubaOraka\data-science-on-aws-workshop-2021-05-15\07_train\privacy\tensorflow_privacy\privacy\bolt_on\losses_test.py,privacy,Privacy
tensorflow_privacy.privacy.analysis.rdp_accountant.compute_rdp,rdp_accountant.compute_rdp,137,aws-ds-NLP-BERT\07_train\wip\privacy\tensorflow_privacy\privacy\analysis\rdp_accountant_test.py,privacy,Privacy
tensorflow_privacy.privacy.dp_query.no_privacy_query.NoPrivacySumQuery,no_privacy_query.NoPrivacySumQuery,22,ChubaOraka\data-science-on-aws-workshop-2021-06-28\07_train\privacy\tensorflow_privacy\privacy\dp_query\no_privacy_query_test.py,privacy,Privacy
tensorflow_privacy.privacy.estimators.test_utils.make_input_fn,test_utils.make_input_fn,66,leoalexand\aws-ds-NLP-BERT\07_train\wip\privacy\tensorflow_privacy\privacy\estimators\binary_class_head_test.py,privacy,Privacy
tensorflow_privacy.privacy.dp_query.quantile_adaptive_clip_sum_query.QuantileAdaptiveClipSumQuery,quantile_adaptive_clip_sum_query.QuantileAdaptiveClipSumQuery,122,data-science-on-aws-workshop-2021-06-28\07_train\privacy\tensorflow_privacy\privacy\dp_query\quantile_adaptive_clip_sum_query_test.py,privacy,Privacy
tensorflow_privacy.privacy.bolt_on.models.BoltOnModel,models.BoltOnModel,201,ChubaOraka\data-science-on-aws-workshop-2021-05-15\07_train\privacy\tensorflow_privacy\privacy\bolt_on\models_test.py,privacy,Privacy
opacus.utils.stats.Stat,stats.Stat,188,msai-amin\DP-FL\opacus\tests\docstring_examples_test.py,opacus,Privacy
tensorflow_privacy.privacy.dp_query.test_utils.run_query,test_utils.run_query,67,vijay-khanna\data-science-on-aws-sagemaker\07_train\wip\privacy\tensorflow_privacy\privacy\analysis\privacy_ledger_test.py,privacy,Privacy
tensorflow_privacy.privacy.membership_inference_attack.data_structures.RocCurve,RocCurve,36,ChubaOraka\data-science-on-aws-workshop-2021-06-28\07_train\privacy\tensorflow_privacy\privacy\membership_inference_attack\privacy_report_test.py,privacy,Privacy
tensorflow_privacy.privacy.membership_inference_attack.privacy_report.plot_privacy_vs_accuracy,privacy_report.plot_privacy_vs_accuracy,134,vijay-khanna\data-science-on-aws-sagemaker\07_train\wip\privacy\tensorflow_privacy\privacy\membership_inference_attack\privacy_report_test.py,privacy,Privacy
tensorflow_privacy.privacy.membership_inference_attack.data_structures.AttackResults,AttackResults,356,data-science-on-aws-sagemaker\07_train\wip\privacy\tensorflow_privacy\privacy\membership_inference_attack\data_structures_test.py,privacy,Privacy
tensorflow_privacy.privacy.bolt_on.optimizers.BoltOn,opt.BoltOn,510,leoalexand\aws-ds-NLP-BERT\07_train\wip\privacy\tensorflow_privacy\privacy\bolt_on\optimizers_test.py,privacy,Privacy
privacy.optimizers.gaussian_query.GaussianSumQuery,gaussian_query.GaussianSumQuery,49,data-science-on-aws-sagemaker\10_pipeline\kubeflow\wip\privacy\optimizers\nested_query_test.py,privacy,Privacy
opacus.profiler.profiler.record,profiler.record,652,parkbeomsik\opacus-fusion\opacus\optimizers\optimizer.py,opacus,Privacy
tensorflow_privacy.privacy.analysis.privacy_ledger.SampleEntry,privacy_ledger.SampleEntry,164,ChubaOraka\data-science-on-aws-workshop-2021-06-28\07_train\privacy\tensorflow_privacy\privacy\analysis\rdp_accountant_test.py,privacy,Privacy
tensorflow_privacy.privacy.analysis.rdp_accountant.get_privacy_spent,get_privacy_spent,46,data-science-on-aws-workshop-2021-06-28\07_train\privacy\tutorials\mnist_dpsgd_tutorial_keras.py,privacy,Privacy
tensorflow_privacy.privacy.analysis.rdp_accountant.get_privacy_spent,get_privacy_spent,167,riku1212\dp-tsc-baseline\privacy\tutorials\mnist_lr_tutorial.py,privacy,Privacy
tensorflow_privacy.privacy.membership_inference_attack.data_structures.SlicingSpec,SlicingSpec,122,aws-ds-NLP-BERT\07_train\wip\privacy\tensorflow_privacy\privacy\membership_inference_attack\codelabs\codelab.py,privacy,Privacy
tensorflow_privacy.privacy.analysis.rdp_accountant.get_privacy_spent,get_privacy_spent,51,data-science-on-aws-workshop-2021-06-28\07_train\privacy\tutorials\mnist_dpsgd_tutorial_vectorized.py,privacy,Privacy
tensorflow_privacy.privacy.optimizers.dp_optimizer.DPGradientDescentGaussianOptimizer,DPGradientDescentGaussianOptimizer,104,riku1212\dp-tsc-baseline\privacy\tutorials\mnist_dpsgd_tutorial_keras.py,privacy,Privacy
tensorflow_privacy.privacy.analysis.rdp_accountant.compute_rdp,rdp_accountant.compute_rdp,137,leoalexand\aws-ds-NLP-BERT\07_train\wip\privacy\tensorflow_privacy\privacy\analysis\rdp_accountant_test.py,privacy,Privacy
tensorflow_privacy.privacy.membership_inference_attack.data_structures.RocCurve,RocCurve,160,vijay-khanna\data-science-on-aws-sagemaker\07_train\wip\privacy\tensorflow_privacy\privacy\membership_inference_attack\data_structures_test.py,privacy,Privacy
opacus.utils.module_inspection.get_layer_type,get_layer_type,197,woodyx218\opacus_global_clipping\opacus\dp_model_inspector.py,opacus,Privacy
tensorflow_privacy.privacy.estimators.binary_class_head.DPBinaryClassHead,binary_class_head.DPBinaryClassHead,20,data-science-on-aws-sagemaker\07_train\wip\privacy\tensorflow_privacy\privacy\estimators\binary_class_head_test.py,privacy,Privacy
tensorflow_privacy.privacy.dp_query.gaussian_query.GaussianAverageQuery,gaussian_query.GaussianAverageQuery,91,data-science-on-aws-workshop-2021-06-28\07_train\privacy\tensorflow_privacy\privacy\dp_query\quantile_estimator_query.py,privacy,Privacy
tensorflow_privacy.privacy.membership_inference_attack.data_structures.AttackInputData,AttackInputData,61,ChubaOraka\data-science-on-aws-workshop-2021-06-28\07_train\privacy\tensorflow_privacy\privacy\membership_inference_attack\membership_inference_attack_test.py,privacy,Privacy
opacus.layers.dp_multihead_attention.SequenceBias,SequenceBias,139,FarrandTom\deep-learning-fairness\opacus\tests\docstring_examples_test.py,opacus,Privacy
tensorflow_privacy.privacy.membership_inference_attack.membership_inference_attack._run_threshold_loss_attack,mia._run_threshold_loss_attack,110,riku1212\dp-tsc-baseline\privacy\tensorflow_privacy\privacy\membership_inference_attack\membership_inference_attack_test.py,privacy,Privacy
opacus.utils.module_modification.convert_batchnorm_modules,module_modification.convert_batchnorm_modules,62,woodyx218\opacus_global_clipping\tutorials\building_image_classifier.py,opacus,Privacy
tensorflow_privacy.privacy.membership_inference_attack.data_structures.AttackResultsCollection,AttackResultsCollection,148,ChubaOraka\data-science-on-aws-workshop-2021-06-28\07_train\privacy\tensorflow_privacy\privacy\membership_inference_attack\privacy_report_test.py,privacy,Privacy
tensorflow_privacy.privacy.membership_inference_attack.data_structures.SingleSliceSpec,SingleSliceSpec,174,aws-ds-NLP-BERT\07_train\wip\privacy\tensorflow_privacy\privacy\membership_inference_attack\dataset_slicing_test.py,privacy,Privacy
tensorflow_privacy.privacy.membership_inference_attack.data_structures.SlicingSpec,SlicingSpec,105,data-science-on-aws-sagemaker\07_train\wip\privacy\tensorflow_privacy\privacy\membership_inference_attack\tf_estimator_evaluation_example.py,privacy,Privacy
tensorflow_privacy.privacy.analysis.privacy_ledger.QueryWithLedger,privacy_ledger.QueryWithLedger,273,ChubaOraka\data-science-on-aws-workshop-2021-05-15\07_train\privacy\tensorflow_privacy\privacy\optimizers\dp_optimizer_test.py,privacy,Privacy
tensorflow_privacy.privacy.membership_inference_attack.models.LogisticRegressionAttacker,models.LogisticRegressionAttacker,18,aws-ds-NLP-BERT\07_train\wip\privacy\tensorflow_privacy\privacy\membership_inference_attack\models_test.py,privacy,Privacy
privacy.analysis.rdp_accountant.compute_rdp,rdp_accountant.compute_rdp,104,vijay-khanna\data-science-on-aws-sagemaker\10_pipeline\kubeflow\wip\privacy\analysis\rdp_accountant_test.py,privacy,Privacy
tensorflow_privacy.privacy.membership_inference_attack.data_structures.AttackResults.load,AttackResults.load,162,aws-ds-NLP-BERT\07_train\wip\privacy\tensorflow_privacy\privacy\membership_inference_attack\example.py,privacy,Privacy
privacy.analysis.rdp_accountant.get_privacy_spent,rdp_accountant.get_privacy_spent,127,data-science-on-aws-workshop-2021-06-28\10_pipeline\kubeflow\wip\privacy\analysis\rdp_accountant_test.py,privacy,Privacy
tensorflow_privacy.privacy.estimators.test_utils.make_input_data,test_utils.make_input_data,48,ChubaOraka\data-science-on-aws-workshop-2021-05-15\07_train\privacy\tensorflow_privacy\privacy\estimators\v1\dnn_test.py,privacy,Privacy
tensorflow_privacy.privacy.bolt_on.optimizers.BoltOn,BoltOn,338,data-science-on-aws-sagemaker\07_train\wip\privacy\tensorflow_privacy\privacy\bolt_on\models_test.py,privacy,Privacy
tensorflow_privacy.privacy.analysis.tensor_buffer.TensorBuffer,tensor_buffer.TensorBuffer,74,ChubaOraka\data-science-on-aws-workshop-2021-05-15\07_train\privacy\tensorflow_privacy\privacy\analysis\privacy_ledger.py,privacy,Privacy
tensorflow_privacy.privacy.analysis.rdp_accountant.compute_rdp,rdp_accountant.compute_rdp,84,vijay-khanna\data-science-on-aws-sagemaker\07_train\wip\privacy\tensorflow_privacy\privacy\analysis\rdp_accountant_test.py,privacy,Privacy
tensorflow_privacy.privacy.dp_query.test_utils.run_query,test_utils.run_query,34,leoalexand\aws-ds-NLP-BERT\07_train\wip\privacy\tensorflow_privacy\privacy\dp_query\quantile_adaptive_clip_sum_query_test.py,privacy,Privacy
tensorflow_privacy.privacy.dp_query.gaussian_query.GaussianAverageQuery,gaussian_query.GaussianAverageQuery,83,riku1212\dp-tsc-baseline\privacy\tensorflow_privacy\privacy\analysis\privacy_ledger_test.py,privacy,Privacy
tensorflow_privacy.privacy.membership_inference_attack.membership_inference_attack._get_accuracy,mia._get_accuracy,82,aws-ds-NLP-BERT\07_train\wip\privacy\tensorflow_privacy\privacy\membership_inference_attack\membership_inference_attack_test.py,privacy,Privacy
tensorflow_privacy.privacy.membership_inference_attack.data_structures.SlicingSpec,SlicingSpec,105,leoalexand\aws-ds-NLP-BERT\07_train\wip\privacy\tensorflow_privacy\privacy\membership_inference_attack\tf_estimator_evaluation_example.py,privacy,Privacy
tensorflow_privacy.privacy.dp_query.test_utils.run_query,test_utils.run_query,53,aws-ds-NLP-BERT\07_train\wip\privacy\tensorflow_privacy\privacy\dp_query\gaussian_query_test.py,privacy,Privacy
tensorflow_privacy.privacy.bolt_on.optimizers.BoltOn,opt.BoltOn,491,vijay-khanna\data-science-on-aws-sagemaker\07_train\wip\privacy\tensorflow_privacy\privacy\bolt_on\optimizers_test.py,privacy,Privacy
opacus.utils.module_modification.convert_batchnorm_modules,mm.convert_batchnorm_modules,161,msai-amin\DP-FL\opacus\utils\tests\module_modification_test.py,opacus,Privacy
privacy.analysis.rdp_accountant.get_privacy_spent,rdp_accountant.get_privacy_spent,113,ChubaOraka\data-science-on-aws-workshop-2021-05-15\10_pipeline\kubeflow\wip\privacy\analysis\rdp_accountant_test.py,privacy,Privacy
tensorflow_privacy.privacy.membership_inference_attack.data_structures.SingleSliceSpec,SingleSliceSpec,201,ChubaOraka\data-science-on-aws-workshop-2021-06-28\07_train\privacy\tensorflow_privacy\privacy\membership_inference_attack\data_structures_test.py,privacy,Privacy
tensorflow_privacy.privacy.dp_query.test_utils.run_query,test_utils.run_query,180,data-science-on-aws-sagemaker\07_train\wip\privacy\tensorflow_privacy\privacy\dp_query\quantile_adaptive_clip_sum_query_test.py,privacy,Privacy
tensorflow_privacy.privacy.bolt_on.models.BoltOnModel,models.BoltOnModel,21,ChubaOraka\data-science-on-aws-workshop-2021-06-28\07_train\privacy\tutorials\bolton_tutorial.py,privacy,Privacy
tensorflow_privacy.privacy.membership_inference_attack.utils.log_loss,utils.log_loss,241,ChubaOraka\data-science-on-aws-workshop-2021-06-28\07_train\privacy\tensorflow_privacy\privacy\membership_inference_attack\data_structures.py,privacy,Privacy
tensorflow_privacy.privacy.membership_inference_attack.dataset_slicing.get_slice,get_slice,128,leoalexand\aws-ds-NLP-BERT\07_train\wip\privacy\tensorflow_privacy\privacy\membership_inference_attack\dataset_slicing_test.py,privacy,Privacy
tensorflow_privacy.privacy.dp_query.test_utils.run_query,test_utils.run_query,34,data-science-on-aws-workshop-2021-06-28\07_train\privacy\tensorflow_privacy\privacy\dp_query\quantile_adaptive_clip_sum_query_test.py,privacy,Privacy
differential_privacy.multiple_teachers.deep_cnn.train,deep_cnn.train,70,aws-ds-NLP-BERT\10_pipeline\kubeflow\wip\privacy\research\pate_2017\train_teachers.py,privacy,Privacy
opacus.utils.module_inspection.ModelInspector,mi.ModelInspector,53,msai-amin\DP-FL\opacus\utils\tests\module_inspection_test.py,opacus,Privacy
tensorflow_privacy.privacy.estimators.test_utils.make_model_fn,test_utils.make_model_fn,57,data-science-on-aws-sagemaker\07_train\wip\privacy\tensorflow_privacy\privacy\estimators\multi_label_head_test.py,privacy,Privacy
privacy.optimizers.no_privacy_query.NoPrivacySumQuery,no_privacy_query.NoPrivacySumQuery,45,data-science-on-aws-sagemaker\10_pipeline\kubeflow\wip\privacy\optimizers\no_privacy_query_test.py,privacy,Privacy
tensorflow_privacy.privacy.membership_inference_attack.keras_evaluation.MembershipInferenceCallback,MembershipInferenceCallback,65,ChubaOraka\data-science-on-aws-workshop-2021-06-28\07_train\privacy\tensorflow_privacy\privacy\membership_inference_attack\keras_evaluation_example.py,privacy,Privacy
tensorflow_privacy.privacy.dp_query.no_privacy_query.NoPrivacyAverageQuery,no_privacy_query.NoPrivacyAverageQuery,46,data-science-on-aws-sagemaker\07_train\wip\privacy\tensorflow_privacy\privacy\dp_query\no_privacy_query_test.py,privacy,Privacy
opacus.utils.module_modification.convert_batchnorm_modules,mm.convert_batchnorm_modules,169,msai-amin\DP-FL\opacus\utils\tests\module_modification_test.py,opacus,Privacy
tensorflow_privacy.privacy.analysis.rdp_accountant.compute_rdp,compute_rdp,172,riku1212\dp-tsc-baseline\privacy\tutorials\mnist_lr_tutorial.py,privacy,Privacy
tensorflow_privacy.privacy.dp_query.test_utils.run_query,test_utils.run_query,357,riku1212\dp-tsc-baseline\privacy\tensorflow_privacy\privacy\dp_query\quantile_adaptive_clip_sum_query_test.py,privacy,Privacy
tensorflow_privacy.privacy.membership_inference_attack.data_structures.AttackResults,AttackResults,356,leoalexand\aws-ds-NLP-BERT\07_train\wip\privacy\tensorflow_privacy\privacy\membership_inference_attack\data_structures_test.py,privacy,Privacy
privacy.optimizers.gaussian_query.GaussianAverageQuery,gaussian_query.GaussianAverageQuery,102,vijay-khanna\data-science-on-aws-sagemaker\10_pipeline\kubeflow\wip\privacy\optimizers\nested_query_test.py,privacy,Privacy
differential_privacy.multiple_teachers.utils.batch_indices,utils.batch_indices,576,vijay-khanna\data-science-on-aws-sagemaker\10_pipeline\kubeflow\wip\privacy\research\pate_2017\deep_cnn.py,privacy,Privacy
tensorflow_privacy.privacy.membership_inference_attack.membership_inference_attack.run_attacks,mia.run_attacks,121,aws-ds-NLP-BERT\07_train\wip\privacy\tensorflow_privacy\privacy\membership_inference_attack\codelabs\codelab.py,privacy,Privacy
tensorflow_privacy.privacy.membership_inference_attack.data_structures.RocCurve,RocCurve,215,aws-ds-NLP-BERT\07_train\wip\privacy\tensorflow_privacy\privacy\membership_inference_attack\data_structures_test.py,privacy,Privacy
tensorflow_privacy.privacy.membership_inference_attack.data_structures.RocCurve,RocCurve,284,data-science-on-aws-sagemaker\07_train\wip\privacy\tensorflow_privacy\privacy\membership_inference_attack\data_structures_test.py,privacy,Privacy
tensorflow_privacy.privacy.membership_inference_attack.membership_inference_attack._run_attack,mia._run_attack,39,leoalexand\aws-ds-NLP-BERT\07_train\wip\privacy\tensorflow_privacy\privacy\membership_inference_attack\membership_inference_attack_test.py,privacy,Privacy
differential_privacy.secret_sharer.generate_secrets,secret_sharer.generate_secrets,248,NigeloYang\federated_learning_differential_privacy\Federated_Learning\paper_model\DP_LAC\run_stackoverflow_with_secrets.py,privacy,Privacy
tensorflow_privacy.privacy.membership_inference_attack.tf_estimator_evaluation.calculate_losses,tf_estimator_evaluation.calculate_losses,61,leoalexand\aws-ds-NLP-BERT\07_train\wip\privacy\tensorflow_privacy\privacy\membership_inference_attack\tf_estimator_evaluation_test.py,privacy,Privacy
tensorflow_privacy.privacy.membership_inference_attack.utils_tensorboard.write_results_to_tensorboard,write_results_to_tensorboard,94,data-science-on-aws-workshop-2021-06-28\07_train\privacy\tensorflow_privacy\privacy\membership_inference_attack\keras_evaluation.py,privacy,Privacy
tensorflow_privacy.privacy.membership_inference_attack.data_structures.SingleSliceSpec,SingleSliceSpec,174,data-science-on-aws-sagemaker\07_train\wip\privacy\tensorflow_privacy\privacy\membership_inference_attack\dataset_slicing_test.py,privacy,Privacy
tensorflow_privacy.privacy.analysis.privacy_ledger.QueryWithLedger,privacy_ledger.QueryWithLedger,89,aws-ds-NLP-BERT\07_train\wip\privacy\tensorflow_privacy\privacy\analysis\privacy_ledger_test.py,privacy,Privacy
tensorflow_privacy.privacy.analysis.gdp_accountant.compute_eps_poisson,compute_eps_poisson,198,data-science-on-aws-workshop-2021-06-28\07_train\privacy\tutorials\movielens_tutorial.py,privacy,Privacy
tensorflow_privacy.privacy.analysis.privacy_ledger.QueryWithLedger,privacy_ledger.QueryWithLedger,222,data-science-on-aws-sagemaker\07_train\wip\privacy\tensorflow_privacy\privacy\optimizers\dp_optimizer.py,privacy,Privacy
tensorflow_privacy.privacy.bolt_on.losses.StrongConvexBinaryCrossentropy,StrongConvexBinaryCrossentropy,200,ChubaOraka\data-science-on-aws-workshop-2021-06-28\07_train\privacy\tensorflow_privacy\privacy\bolt_on\losses_test.py,privacy,Privacy
tensorflow_privacy.privacy.dp_query.quantile_adaptive_clip_sum_query.QuantileAdaptiveClipSumQuery,quantile_adaptive_clip_sum_query.QuantileAdaptiveClipSumQuery,61,ChubaOraka\data-science-on-aws-workshop-2021-05-15\07_train\privacy\tensorflow_privacy\privacy\dp_query\quantile_adaptive_clip_sum_query_test.py,privacy,Privacy
tensorflow_privacy.privacy.analysis.rdp_accountant.get_privacy_spent,rdp_accountant.get_privacy_spent,128,vijay-khanna\data-science-on-aws-sagemaker\07_train\wip\privacy\tensorflow_privacy\privacy\analysis\rdp_accountant_test.py,privacy,Privacy
crypten.save,crypten.save,134,hitimr\ML_2020\old\peter\crypten\first_crypten.py,crypten,Privacy
opacus.PrivacyEngine,PrivacyEngine,77,woodyx218\opacus_global_clipping\tutorials\building_image_classifier.py,opacus,Privacy
tensorflow_privacy.privacy.analysis.rdp_accountant.compute_rdp,rdp_accountant.compute_rdp,119,aws-ds-NLP-BERT\07_train\wip\privacy\tensorflow_privacy\privacy\analysis\rdp_accountant_test.py,privacy,Privacy
tensorflow_privacy.privacy.dp_query.gaussian_query.GaussianSumQuery,gaussian_query.GaussianSumQuery,189,riku1212\dp-tsc-baseline\privacy\tensorflow_privacy\privacy\optimizers\dp_optimizer_test.py,privacy,Privacy
opacus.utils.uniform_sampler.DistributedPoissonBatchSampler,DistributedPoissonBatchSampler,293,woodyx218\opacus_global_clipping\examples\cifar10.py,opacus,Privacy
privacy.analysis.rdp_accountant.compute_rdp,rdp_accountant.compute_rdp,65,ChubaOraka\data-science-on-aws-workshop-2021-06-28\10_pipeline\kubeflow\wip\privacy\analysis\rdp_accountant_test.py,privacy,Privacy
tensorflow_privacy.privacy.optimizers.dp_optimizer_vectorized.make_vectorized_optimizer_class,dp_optimizer_vectorized.make_vectorized_optimizer_class,116,ChubaOraka\data-science-on-aws-workshop-2021-06-28\07_train\privacy\tensorflow_privacy\privacy\optimizers\dp_optimizer_vectorized_test.py,privacy,Privacy
tensorflow_privacy.privacy.membership_inference_attack.data_structures.RocCurve,RocCurve,152,data-science-on-aws-sagemaker\07_train\wip\privacy\tensorflow_privacy\privacy\membership_inference_attack\data_structures_test.py,privacy,Privacy
opacus.PrivacyEngine,PrivacyEngine,306,woodyx218\opacus_global_clipping\opacus\tests\privacy_engine_test.py,opacus,Privacy
tensorflow_privacy.privacy.dp_query.test_utils.run_query,test_utils.run_query,71,ChubaOraka\data-science-on-aws-workshop-2021-05-15\07_train\privacy\tensorflow_privacy\privacy\dp_query\quantile_adaptive_clip_sum_query_test.py,privacy,Privacy
tensorflow_privacy.privacy.membership_inference_attack.plotting.save_plot,plotting.save_plot,109,riku1212\dp-tsc-baseline\privacy\tensorflow_privacy\privacy\membership_inference_attack\membership_inference_attack.py,privacy,Privacy
tensorflow_privacy.privacy.dp_query.nested_query.NestedSumQuery,nested_query.NestedSumQuery,141,data-science-on-aws-workshop-2021-06-28\07_train\privacy\tensorflow_privacy\privacy\dp_query\nested_query_test.py,privacy,Privacy
tensorflow_privacy.privacy.dp_query.test_utils.run_query,test_utils.run_query,163,data-science-on-aws-sagemaker\07_train\wip\privacy\tensorflow_privacy\privacy\dp_query\quantile_estimator_query_test.py,privacy,Privacy
tensorflow_privacy.privacy.membership_inference_attack.utils.log_loss_from_logits,utils.log_loss_from_logits,248,data-science-on-aws-sagemaker\07_train\wip\privacy\tensorflow_privacy\privacy\membership_inference_attack\data_structures.py,privacy,Privacy
opacus.profiler.profiler.record,profiler.record,814,parkbeomsik\opacus-fusion\opacus\optimizers\optimizer.py,opacus,Privacy
tensorflow_privacy.privacy.analysis.privacy_ledger.GaussianSumQueryEntry,privacy_ledger.GaussianSumQueryEntry,162,aws-ds-NLP-BERT\07_train\wip\privacy\tensorflow_privacy\privacy\analysis\rdp_accountant_test.py,privacy,Privacy
tensorflow_privacy.privacy.bolt_on.optimizers.BoltOn,opt.BoltOn,491,data-science-on-aws-sagemaker\07_train\wip\privacy\tensorflow_privacy\privacy\bolt_on\optimizers_test.py,privacy,Privacy
tensorflow_privacy.privacy.membership_inference_attack.trained_attack_models.choose_model,trained_attack_models.choose_model,148,riku1212\dp-tsc-baseline\privacy\tensorflow_privacy\privacy\membership_inference_attack\membership_inference_attack.py,privacy,Privacy
tensorflow_privacy.privacy.analysis.rdp_accountant.compute_rdp,compute_rdp,152,aws-ds-NLP-BERT\07_train\wip\privacy\tutorials\lm_dpsgd_tutorial.py,privacy,Privacy
tensorflow_privacy.privacy.membership_inference_attack.data_structures.SingleSliceSpec,SingleSliceSpec,31,leoalexand\aws-ds-NLP-BERT\07_train\wip\privacy\tensorflow_privacy\privacy\membership_inference_attack\dataset_slicing_test.py,privacy,Privacy
privacy.optimizers.dp_optimizer.make_optimizer_class,dp_optimizer.make_optimizer_class,62,ChubaOraka\data-science-on-aws-workshop-2021-06-28\10_pipeline\kubeflow\wip\privacy\tutorials\mnist_dpsgd_tutorial.py,privacy,Privacy
tensorflow_privacy.privacy.membership_inference_attack.utils.compute_performance_metrics,utils.compute_performance_metrics,99,riku1212\dp-tsc-baseline\privacy\tensorflow_privacy\privacy\membership_inference_attack\membership_inference_attack.py,privacy,Privacy
tensorflow_privacy.privacy.bolt_on.optimizers.BoltOn,BoltOn,338,aws-ds-NLP-BERT\07_train\wip\privacy\tensorflow_privacy\privacy\bolt_on\models_test.py,privacy,Privacy
tensorflow_privacy.privacy.estimators.multi_class_head.DPMultiClassHead,multi_class_head.DPMultiClassHead,20,leoalexand\aws-ds-NLP-BERT\07_train\wip\privacy\tensorflow_privacy\privacy\estimators\multi_class_head_test.py,privacy,Privacy
tensorflow_privacy.privacy.dp_query.gaussian_query.GaussianSumQuery,gaussian_query.GaussianSumQuery,245,ChubaOraka\data-science-on-aws-workshop-2021-05-15\07_train\privacy\tensorflow_privacy\privacy\optimizers\dp_optimizer_test.py,privacy,Privacy
tensorflow_privacy.privacy.membership_inference_attack.data_structures.get_flattened_attack_metrics,get_flattened_attack_metrics,140,vijay-khanna\data-science-on-aws-sagemaker\07_train\wip\privacy\tensorflow_privacy\privacy\membership_inference_attack\tf_estimator_evaluation_example.py,privacy,Privacy
tensorflow_privacy.privacy.dp_query.test_utils.run_query,test_utils.run_query,51,vijay-khanna\data-science-on-aws-sagemaker\07_train\wip\privacy\tensorflow_privacy\privacy\dp_query\quantile_adaptive_clip_sum_query_test.py,privacy,Privacy
tensorflow_privacy.privacy.membership_inference_attack.dataset_slicing.get_single_slice_specs,get_single_slice_specs,142,ChubaOraka\data-science-on-aws-workshop-2021-06-28\07_train\privacy\tensorflow_privacy\privacy\membership_inference_attack\membership_inference_attack.py,privacy,Privacy
opacus.layers.DPMultiheadAttention,DPMultiheadAttention,156,FarrandTom\deep-learning-fairness\opacus\tests\layers_grad_test.py,opacus,Privacy
tensorflow_privacy.privacy.analysis.tensor_buffer.TensorBuffer,tensor_buffer.TensorBuffer,37,riku1212\dp-tsc-baseline\privacy\tensorflow_privacy\privacy\analysis\tensor_buffer_test_eager.py,privacy,Privacy
tensorflow_privacy.privacy.membership_inference_attack.utils_tensorboard.write_results_to_tensorboard,write_results_to_tensorboard,94,ChubaOraka\data-science-on-aws-workshop-2021-06-28\07_train\privacy\tensorflow_privacy\privacy\membership_inference_attack\keras_evaluation.py,privacy,Privacy
opacus.profiler.profiler.record,profiler.record,32,parkbeomsik\opacus-fusion\opacus\grad_sample\layer_norm.py,opacus,Privacy
tensorflow_privacy.privacy.analysis.privacy_ledger.QueryWithLedger,privacy_ledger.QueryWithLedger,46,data-science-on-aws-workshop-2021-06-28\07_train\privacy\tensorflow_privacy\privacy\optimizers\dp_optimizer_eager_test.py,privacy,Privacy
opacus.utils.module_inspection.ModelInspector,ModelInspector,134,woodyx218\opacus_global_clipping\opacus\tests\docstring_examples_test.py,opacus,Privacy
tensorflow_privacy.privacy.membership_inference_attack.data_structures.SingleSliceSpec,SingleSliceSpec,74,leoalexand\aws-ds-NLP-BERT\07_train\wip\privacy\tensorflow_privacy\privacy\membership_inference_attack\membership_inference_attack_test.py,privacy,Privacy
privacy.optimizers.gaussian_query.GaussianAverageQuery,gaussian_query.GaussianAverageQuery,68,ChubaOraka\data-science-on-aws-workshop-2021-06-28\10_pipeline\kubeflow\wip\privacy\optimizers\nested_query_test.py,privacy,Privacy
crypten.save,crypten.save,152,hitimr\ML_2020\old\peter\crypten\first_crypten.py,crypten,Privacy
opacus.privacy_analysis.compute_rdp,privacy_analysis.compute_rdp,57,msai-amin\DP-FL\opacus\tests\docstring_examples_test.py,privacy,Privacy
opacus.custom_tensor.GradOutputs,GradOutputs,30,parkbeomsik\opacus-fusion\opacus\grad_sample\group_norm.py,opacus,Privacy
tensorflow_privacy.privacy.analysis.privacy_ledger.QueryWithLedger,privacy_ledger.QueryWithLedger,75,ChubaOraka\data-science-on-aws-workshop-2021-05-15\07_train\privacy\tensorflow_privacy\privacy\optimizers\dp_optimizer_eager_test.py,privacy,Privacy
tensorflow_privacy.privacy.dp_query.gaussian_query.GaussianSumQuery,gaussian_query.GaussianSumQuery,47,ChubaOraka\data-science-on-aws-workshop-2021-05-15\07_train\privacy\tensorflow_privacy\privacy\optimizers\dp_optimizer_keras.py,privacy,Privacy
privacy.optimizers.nested_query.NestedQuery,nested_query.NestedQuery,54,leoalexand\aws-ds-NLP-BERT\10_pipeline\kubeflow\wip\privacy\optimizers\nested_query_test.py,privacy,Privacy
privacy.analysis.rdp_accountant.get_privacy_spent,rdp_accountant.get_privacy_spent,127,data-science-on-aws-sagemaker\10_pipeline\kubeflow\wip\privacy\analysis\rdp_accountant_test.py,privacy,Privacy
tensorflow_privacy.privacy.membership_inference_attack.data_structures.AttackInputData,AttackInputData,50,aws-ds-NLP-BERT\07_train\wip\privacy\tensorflow_privacy\privacy\membership_inference_attack\data_structures_test.py,privacy,Privacy
tensorflow_privacy.privacy.estimators.test_utils.make_input_data,test_utils.make_input_data,68,ChubaOraka\data-science-on-aws-workshop-2021-05-15\07_train\privacy\tensorflow_privacy\privacy\estimators\multi_class_head_test.py,privacy,Privacy
tensorflow_privacy.privacy.dp_query.gaussian_query.GaussianAverageQuery,gaussian_query.GaussianAverageQuery,85,data-science-on-aws-sagemaker\07_train\wip\privacy\tensorflow_privacy\privacy\analysis\privacy_ledger_test.py,privacy,Privacy
tensorflow_privacy.privacy.membership_inference_attack.data_structures.AttackInputData,AttackInputData,137,data-science-on-aws-sagemaker\07_train\wip\privacy\tensorflow_privacy\privacy\membership_inference_attack\example.py,privacy,Privacy
tensorflow_privacy.privacy.bolt_on.models.BoltOnModel,models.BoltOnModel,270,data-science-on-aws-sagemaker\07_train\wip\privacy\tensorflow_privacy\privacy\bolt_on\models_test.py,privacy,Privacy
tensorflow_privacy.privacy.analysis.privacy_ledger.QueryWithLedger,privacy_ledger.QueryWithLedger,105,ChubaOraka\data-science-on-aws-workshop-2021-05-15\07_train\privacy\tensorflow_privacy\privacy\optimizers\dp_optimizer_test.py,privacy,Privacy
tensorflow_privacy.privacy.analysis.rdp_accountant.get_privacy_spent,get_privacy_spent,27,leoalexand\aws-ds-NLP-BERT\07_train\wip\privacy\tensorflow_privacy\privacy\analysis\compute_dp_sgd_privacy_lib.py,privacy,Privacy
tensorflow_privacy.privacy.membership_inference_attack.data_structures.SlicingSpec,SlicingSpec,72,vijay-khanna\data-science-on-aws-sagemaker\07_train\wip\privacy\tensorflow_privacy\privacy\membership_inference_attack\dataset_slicing_test.py,privacy,Privacy
tensorflow_privacy.privacy.estimators.test_utils.make_input_fn,test_utils.make_input_fn,61,ChubaOraka\data-science-on-aws-workshop-2021-05-15\07_train\privacy\tensorflow_privacy\privacy\estimators\multi_label_head_test.py,privacy,Privacy
tensorflow_privacy.privacy.membership_inference_attack.membership_inference_attack.run_attacks,mia.run_attacks,119,data-science-on-aws-workshop-2021-06-28\07_train\privacy\tensorflow_privacy\privacy\membership_inference_attack\codelabs\privacy_report_codelab.py,privacy,Privacy
privacy.optimizers.nested_query.NestedQuery,nested_query.NestedQuery,107,vijay-khanna\data-science-on-aws-sagemaker\10_pipeline\kubeflow\wip\privacy\optimizers\nested_query_test.py,privacy,Privacy
opacus.profiler.profiler.record,profiler.record,54,parkbeomsik\opacus-fusion\opacus\grad_sample\linear.py,opacus,Privacy
differential_privacy.multiple_teachers.input.create_dir_if_needed,input.create_dir_if_needed,160,data-science-on-aws-sagemaker\10_pipeline\kubeflow\wip\privacy\research\pate_2017\train_student.py,privacy,Privacy
tensorflow_privacy.privacy.membership_inference_attack.data_structures.get_flattened_attack_metrics,get_flattened_attack_metrics,91,leoalexand\aws-ds-NLP-BERT\07_train\wip\privacy\tensorflow_privacy\privacy\membership_inference_attack\keras_evaluation_example.py,privacy,Privacy
privacy.analysis.privacy_ledger.format_ledger,privacy_ledger.format_ledger,51,barreira\lei-1819\Privacy\mnist_half.py,privacy,Privacy
tensorflow_privacy.privacy.analysis.privacy_ledger.QueryWithLedger,privacy_ledger.QueryWithLedger,75,aws-ds-NLP-BERT\07_train\wip\privacy\tensorflow_privacy\privacy\optimizers\dp_optimizer_eager_test.py,privacy,Privacy
tensorflow_privacy.privacy.dp_query.test_utils.run_query,test_utils.run_query,91,ChubaOraka\data-science-on-aws-workshop-2021-06-28\07_train\privacy\tensorflow_privacy\privacy\dp_query\nested_query_test.py,privacy,Privacy
tensorflow_privacy.privacy.bolt_on.optimizers.BoltOn,opt.BoltOn,333,data-science-on-aws-sagemaker\07_train\wip\privacy\tensorflow_privacy\privacy\bolt_on\optimizers_test.py,privacy,Privacy
tensorflow_privacy.privacy.bolt_on.optimizers.BoltOn,BoltOn,92,vijay-khanna\data-science-on-aws-sagemaker\07_train\wip\privacy\tensorflow_privacy\privacy\bolt_on\models.py,privacy,Privacy
tensorflow_privacy.privacy.membership_inference_attack.data_structures.AttackInputData,AttackInputData,127,leoalexand\aws-ds-NLP-BERT\07_train\wip\privacy\tensorflow_privacy\privacy\membership_inference_attack\data_structures_test.py,privacy,Privacy
tensorflow_privacy.privacy.membership_inference_attack.data_structures.SingleSliceSpec,SingleSliceSpec,24,vijay-khanna\data-science-on-aws-sagemaker\07_train\wip\privacy\tensorflow_privacy\privacy\membership_inference_attack\data_structures_test.py,privacy,Privacy
tensorflow_privacy.privacy.membership_inference_attack.data_structures.AttackResults,AttackResults,308,leoalexand\aws-ds-NLP-BERT\07_train\wip\privacy\tensorflow_privacy\privacy\membership_inference_attack\data_structures_test.py,privacy,Privacy
tensorflow_privacy.privacy.estimators.test_utils.make_model_fn,test_utils.make_model_fn,56,ChubaOraka\data-science-on-aws-workshop-2021-06-28\07_train\privacy\tensorflow_privacy\privacy\estimators\multi_class_head_test.py,privacy,Privacy
tensorflow_privacy.privacy.membership_inference_attack.data_structures.PrivacyReportMetadata,PrivacyReportMetadata,222,aws-ds-NLP-BERT\07_train\wip\privacy\tensorflow_privacy\privacy\membership_inference_attack\data_structures_test.py,privacy,Privacy
crypten.load_from_party,crypten.load_from_party,69,gkaissis\PriMIA\syft\frameworks\crypten\__init__.py,crypten,Privacy
tensorflow_privacy.privacy.dp_query.quantile_estimator_query.NoPrivacyQuantileEstimatorQuery,quantile_estimator_query.NoPrivacyQuantileEstimatorQuery,35,data-science-on-aws-sagemaker\07_train\wip\privacy\tensorflow_privacy\privacy\dp_query\quantile_estimator_query_test.py,privacy,Privacy
tensorflow_privacy.privacy.estimators.test_utils.make_input_fn,test_utils.make_input_fn,50,ChubaOraka\data-science-on-aws-workshop-2021-05-15\07_train\privacy\tensorflow_privacy\privacy\estimators\v1\dnn_test.py,privacy,Privacy
tensorflow_privacy.privacy.membership_inference_attack.data_structures.SingleSliceSpec,SingleSliceSpec,86,leoalexand\aws-ds-NLP-BERT\07_train\wip\privacy\tensorflow_privacy\privacy\membership_inference_attack\dataset_slicing.py,privacy,Privacy
tensorflow_privacy.privacy.estimators.multi_class_head.DPMultiClassHead,DPMultiClassHead,42,ChubaOraka\data-science-on-aws-workshop-2021-06-28\07_train\privacy\tensorflow_privacy\privacy\estimators\head_utils.py,privacy,Privacy
tensorflow_privacy.privacy.dp_query.gaussian_query.GaussianSumQuery,gaussian_query.GaussianSumQuery,36,ChubaOraka\data-science-on-aws-workshop-2021-06-28\07_train\privacy\tensorflow_privacy\privacy\dp_query\gaussian_query_test.py,privacy,Privacy
tensorflow_privacy.privacy.optimizers.dp_optimizer_vectorized.VectorizedDPSGD,dp_optimizer_vectorized.VectorizedDPSGD,87,leoalexand\aws-ds-NLP-BERT\07_train\wip\privacy\tutorials\mnist_dpsgd_tutorial_vectorized.py,privacy,Privacy
tensorflow_privacy.privacy.membership_inference_attack.data_structures._log_value,_log_value,90,vijay-khanna\data-science-on-aws-sagemaker\07_train\wip\privacy\tensorflow_privacy\privacy\membership_inference_attack\data_structures_test.py,privacy,Privacy
tensorflow_privacy.privacy.bolt_on.losses.StrongConvexMixin,StrongConvexMixin,56,ChubaOraka\data-science-on-aws-workshop-2021-05-15\07_train\privacy\tensorflow_privacy\privacy\bolt_on\losses_test.py,privacy,Privacy
tensorflow_privacy.privacy.bolt_on.losses.StrongConvexBinaryCrossentropy,losses.StrongConvexBinaryCrossentropy,26,aws-ds-NLP-BERT\07_train\wip\privacy\tutorials\bolton_tutorial.py,privacy,Privacy
tensorflow_privacy.privacy.membership_inference_attack.data_structures.AttackResultsCollection,AttackResultsCollection,239,data-science-on-aws-workshop-2021-06-28\07_train\privacy\tensorflow_privacy\privacy\membership_inference_attack\data_structures_test.py,privacy,Privacy
crypten.save,crypten.save,149,hitimr\ML_2020\old\peter\crypten\first_crypten.py,crypten,Privacy
tensorflow_privacy.privacy.membership_inference_attack.privacy_report.plot_privacy_vs_accuracy,privacy_report.plot_privacy_vs_accuracy,135,ChubaOraka\data-science-on-aws-workshop-2021-06-28\07_train\privacy\tensorflow_privacy\privacy\membership_inference_attack\codelabs\privacy_report_codelab.py,privacy,Privacy
tensorflow_privacy.privacy.membership_inference_attack.data_structures.AttackInputData,AttackInputData,115,data-science-on-aws-sagemaker\07_train\wip\privacy\tensorflow_privacy\privacy\membership_inference_attack\data_structures_test.py,privacy,Privacy
tensorflow_privacy.privacy.analysis.privacy_ledger.QueryWithLedger,privacy_ledger.QueryWithLedger,339,ChubaOraka\data-science-on-aws-workshop-2021-06-28\07_train\privacy\tensorflow_privacy\privacy\dp_query\quantile_adaptive_clip_sum_query_test.py,privacy,Privacy
privacy.analysis.rdp_accountant.compute_rdp,rdp_accountant.compute_rdp,130,leoalexand\aws-ds-NLP-BERT\10_pipeline\kubeflow\wip\privacy\analysis\rdp_accountant_test.py,privacy,Privacy
tensorflow_privacy.privacy.analysis.privacy_ledger.QueryWithLedger,privacy_ledger.QueryWithLedger,222,leoalexand\aws-ds-NLP-BERT\07_train\wip\privacy\tensorflow_privacy\privacy\optimizers\dp_optimizer.py,privacy,Privacy
opacus.custom_tensor.PerBatchGrads,PerBatchGrads,1164,parkbeomsik\opacus-fusion\opacus\optimizers\optimizer.py,opacus,Privacy
opacus.privacy_analysis.get_privacy_spent,privacy_analysis.get_privacy_spent,51,msai-amin\DP-FL\opacus\scripts\compute_dp_sgd_privacy.py,privacy,Privacy
tensorflow_privacy.privacy.dp_query.gaussian_query.GaussianSumQuery,gaussian_query.GaussianSumQuery,78,ChubaOraka\data-science-on-aws-workshop-2021-05-15\07_train\privacy\tensorflow_privacy\privacy\dp_query\nested_query_test.py,privacy,Privacy
tensorflow_privacy.privacy.membership_inference_attack.data_structures.AttackResults,AttackResults,49,vijay-khanna\data-science-on-aws-sagemaker\07_train\wip\privacy\tensorflow_privacy\privacy\membership_inference_attack\privacy_report_test.py,privacy,Privacy
tensorflow_privacy.privacy.membership_inference_attack.data_structures.SingleSliceSpec,SingleSliceSpec,112,ChubaOraka\data-science-on-aws-workshop-2021-06-28\07_train\privacy\tensorflow_privacy\privacy\membership_inference_attack\dataset_slicing.py,privacy,Privacy
tensorflow_privacy.privacy.dp_query.test_utils.run_query,test_utils.run_query,232,leoalexand\aws-ds-NLP-BERT\07_train\wip\privacy\tensorflow_privacy\privacy\dp_query\quantile_estimator_query_test.py,privacy,Privacy
tensorflow_privacy.privacy.analysis.privacy_ledger.QueryWithLedger,privacy_ledger.QueryWithLedger,46,aws-ds-NLP-BERT\07_train\wip\privacy\tensorflow_privacy\privacy\optimizers\dp_optimizer_eager_test.py,privacy,Privacy
tensorflow_privacy.privacy.analysis.privacy_ledger.QueryWithLedger,privacy_ledger.QueryWithLedger,80,riku1212\dp-tsc-baseline\privacy\tensorflow_privacy\privacy\optimizers\dp_optimizer_test.py,privacy,Privacy
tensorflow_privacy.privacy.membership_inference_attack.membership_inference_attack.run_attacks,mia.run_attacks,126,ChubaOraka\data-science-on-aws-workshop-2021-05-15\07_train\privacy\tensorflow_privacy\privacy\membership_inference_attack\keras_evaluation.py,privacy,Privacy
tensorflow_privacy.privacy.membership_inference_attack.data_structures.RocCurve,RocCurve,215,ChubaOraka\data-science-on-aws-workshop-2021-05-15\07_train\privacy\tensorflow_privacy\privacy\membership_inference_attack\data_structures_test.py,privacy,Privacy
opacus.utils.module_modification.convert_batchnorm_modules,convert_batchnorm_modules,26,FarrandTom\deep-learning-fairness\opacus\tests\dp_model_inspector_test.py,opacus,Privacy
opacus.utils.module_inspection.ModelInspector,mi.ModelInspector,35,msai-amin\DP-FL\opacus\utils\tests\module_inspection_test.py,opacus,Privacy
privacy.analysis.rdp_accountant.compute_rdp,rdp_accountant.compute_rdp,72,ChubaOraka\data-science-on-aws-workshop-2021-05-15\10_pipeline\kubeflow\wip\privacy\analysis\rdp_accountant_test.py,privacy,Privacy
tensorflow_privacy.privacy.dp_query.gaussian_query.GaussianSumQuery,gaussian_query.GaussianSumQuery,51,ChubaOraka\data-science-on-aws-workshop-2021-06-28\07_train\privacy\tensorflow_privacy\privacy\optimizers\dp_optimizer_test.py,privacy,Privacy
tensorflow_privacy.privacy.estimators.binary_class_head.DPBinaryClassHead,DPBinaryClassHead,37,ChubaOraka\data-science-on-aws-workshop-2021-06-28\07_train\privacy\tensorflow_privacy\privacy\estimators\head_utils.py,privacy,Privacy
tensorflow_privacy.privacy.membership_inference_attack.tf_estimator_evaluation.MembershipInferenceTrainingHook,MembershipInferenceTrainingHook,100,aws-ds-NLP-BERT\07_train\wip\privacy\tensorflow_privacy\privacy\membership_inference_attack\tf_estimator_evaluation_example.py,privacy,Privacy
opacus.utils.batch_memory_manager.BatchMemoryManager,BatchMemoryManager,242,parkbeomsik\opacus-fusion\examples\train_cifar10.py,opacus,Privacy
opacus.layers.DifferentiallyPrivateDistributedDataParallel,DPDDP,70,woodyx218\opacus_global_clipping\opacus\tests\multigpu_gradcheck.py,opacus,Privacy
tensorflow_privacy.privacy.membership_inference_attack.dataset_slicing.get_single_slice_specs,get_single_slice_specs,67,data-science-on-aws-sagemaker\07_train\wip\privacy\tensorflow_privacy\privacy\membership_inference_attack\dataset_slicing_test.py,privacy,Privacy
tensorflow_privacy.privacy.membership_inference_attack.data_structures.get_flattened_attack_metrics,get_flattened_attack_metrics,140,ChubaOraka\data-science-on-aws-workshop-2021-05-15\07_train\privacy\tensorflow_privacy\privacy\membership_inference_attack\tf_estimator_evaluation_example.py,privacy,Privacy
tensorflow_privacy.privacy.membership_inference_attack.data_structures.AttackResults,AttackResults,296,data-science-on-aws-sagemaker\07_train\wip\privacy\tensorflow_privacy\privacy\membership_inference_attack\data_structures_test.py,privacy,Privacy
differential_privacy.multiple_teachers.input.ld_cifar10,input.ld_cifar10,47,data-science-on-aws-workshop-2021-06-28\10_pipeline\kubeflow\wip\privacy\research\pate_2017\train_teachers.py,privacy,Privacy
tensorflow_privacy.privacy.membership_inference_attack.data_structures.AttackInputData,AttackInputData,119,ChubaOraka\data-science-on-aws-workshop-2021-06-28\07_train\privacy\tensorflow_privacy\privacy\membership_inference_attack\data_structures_test.py,privacy,Privacy
opacus.PrivacyEngine,PrivacyEngine,726,parkbeomsik\opacus-fusion\examples\train_bert\classification\run_classification.py,opacus,Privacy
tensorflow_privacy.privacy.membership_inference_attack.models.LogisticRegressionAttacker,models.LogisticRegressionAttacker,39,vijay-khanna\data-science-on-aws-sagemaker\07_train\wip\privacy\tensorflow_privacy\privacy\membership_inference_attack\membership_inference_attack.py,privacy,Privacy
tensorflow_privacy.privacy.membership_inference_attack.data_structures.SlicingSpec,SlicingSpec,87,vijay-khanna\data-science-on-aws-sagemaker\07_train\wip\privacy\tensorflow_privacy\privacy\membership_inference_attack\keras_evaluation_example.py,privacy,Privacy
tensorflow_privacy.privacy.estimators.test_utils.make_input_data,test_utils.make_input_data,70,data-science-on-aws-sagemaker\07_train\wip\privacy\tensorflow_privacy\privacy\estimators\v1\head_test.py,privacy,Privacy
tensorflow_privacy.privacy.estimators.test_utils.make_input_fn,test_utils.make_input_fn,66,leoalexand\aws-ds-NLP-BERT\07_train\wip\privacy\tensorflow_privacy\privacy\estimators\multi_label_head_test.py,privacy,Privacy
privacy.analysis.rdp_accountant.get_privacy_spent,rdp_accountant.get_privacy_spent,113,vijay-khanna\data-science-on-aws-sagemaker\10_pipeline\kubeflow\wip\privacy\analysis\rdp_accountant_test.py,privacy,Privacy
tensorflow_privacy.privacy.membership_inference_attack.dataset_slicing.get_slice,get_slice,145,vijay-khanna\data-science-on-aws-sagemaker\07_train\wip\privacy\tensorflow_privacy\privacy\membership_inference_attack\membership_inference_attack.py,privacy,Privacy
privacy.optimizers.gaussian_query.GaussianAverageQuery,gaussian_query.GaussianAverageQuery,86,data-science-on-aws-workshop-2021-06-28\10_pipeline\kubeflow\wip\privacy\optimizers\gaussian_query_test.py,privacy,Privacy
tensorflow_privacy.privacy.membership_inference_attack.dataset_slicing.get_single_slice_specs,get_single_slice_specs,58,leoalexand\aws-ds-NLP-BERT\07_train\wip\privacy\tensorflow_privacy\privacy\membership_inference_attack\dataset_slicing_test.py,privacy,Privacy
tensorflow_privacy.privacy.dp_query.nested_query.NestedSumQuery,nested_query.NestedSumQuery,161,ChubaOraka\data-science-on-aws-workshop-2021-06-28\07_train\privacy\tensorflow_privacy\privacy\dp_query\nested_query_test.py,privacy,Privacy
opacus.dp_model_inspector.DPModelInspector,dp_inspector.DPModelInspector,85,woodyx218\opacus_global_clipping\opacus\tests\dp_model_inspector_test.py,opacus,Privacy
tensorflow_privacy.privacy.estimators.test_utils.make_input_data,test_utils.make_input_data,53,data-science-on-aws-workshop-2021-06-28\07_train\privacy\tensorflow_privacy\privacy\estimators\v1\dnn_test.py,privacy,Privacy
privacy.optimizers.nested_query.NestedQuery,nested_query.NestedQuery,71,ChubaOraka\data-science-on-aws-workshop-2021-06-28\10_pipeline\kubeflow\wip\privacy\optimizers\nested_query_test.py,privacy,Privacy
privacy.optimizers.gaussian_query.GaussianAverageQuery,gaussian_query.GaussianAverageQuery,86,ChubaOraka\data-science-on-aws-workshop-2021-05-15\10_pipeline\kubeflow\wip\privacy\optimizers\gaussian_query_test.py,privacy,Privacy
tensorflow_privacy.privacy.estimators.test_utils.make_input_fn,test_utils.make_input_fn,61,ChubaOraka\data-science-on-aws-workshop-2021-06-28\07_train\privacy\tensorflow_privacy\privacy\estimators\binary_class_head_test.py,privacy,Privacy
tensorflow_privacy.privacy.analysis.privacy_ledger.PrivacyLedger,privacy_ledger.PrivacyLedger,23,data-science-on-aws-sagemaker\07_train\wip\privacy\tensorflow_privacy\privacy\analysis\privacy_ledger_test.py,privacy,Privacy
tensorflow_privacy.privacy.estimators.v1.head._binary_logistic_or_multi_class_head,head_lib._binary_logistic_or_multi_class_head,53,leoalexand\aws-ds-NLP-BERT\07_train\wip\privacy\tensorflow_privacy\privacy\estimators\v1\head_test.py,privacy,Privacy
tensorflow_privacy.privacy.analysis.gdp_accountant.compute_eps_poisson,compute_eps_poisson,146,ChubaOraka\data-science-on-aws-workshop-2021-06-28\07_train\privacy\research\GDP_2019\imdb_tutorial.py,privacy,Privacy
tensorflow_privacy.privacy.dp_query.test_utils.run_query,test_utils.run_query,282,aws-ds-NLP-BERT\07_train\wip\privacy\tensorflow_privacy\privacy\dp_query\quantile_adaptive_clip_sum_query_test.py,privacy,Privacy
tensorflow_privacy.privacy.membership_inference_attack.membership_inference_attack._get_accuracy,mia._get_accuracy,82,ChubaOraka\data-science-on-aws-workshop-2021-05-15\07_train\privacy\tensorflow_privacy\privacy\membership_inference_attack\membership_inference_attack_test.py,privacy,Privacy
tensorflow_privacy.privacy.membership_inference_attack.membership_inference_attack._get_accuracy,mia._get_accuracy,84,data-science-on-aws-workshop-2021-06-28\07_train\privacy\tensorflow_privacy\privacy\membership_inference_attack\membership_inference_attack_test.py,privacy,Privacy
tensorflow_privacy.privacy.membership_inference_attack.plotting.save_plot,plotting.save_plot,103,riku1212\dp-tsc-baseline\privacy\tensorflow_privacy\privacy\membership_inference_attack\membership_inference_attack.py,privacy,Privacy
tensorflow_privacy.privacy.bolt_on.models.BoltOnModel,models.BoltOnModel,21,leoalexand\aws-ds-NLP-BERT\07_train\wip\privacy\tutorials\bolton_tutorial.py,privacy,Privacy
tensorflow_privacy.privacy.membership_inference_attack.data_structures.SingleSliceSpec,SingleSliceSpec,31,ChubaOraka\data-science-on-aws-workshop-2021-05-15\07_train\privacy\tensorflow_privacy\privacy\membership_inference_attack\dataset_slicing_test.py,privacy,Privacy
tensorflow_privacy.privacy.analysis.privacy_ledger.SampleEntry,privacy_ledger.SampleEntry,164,ChubaOraka\data-science-on-aws-workshop-2021-05-15\07_train\privacy\tensorflow_privacy\privacy\analysis\rdp_accountant_test.py,privacy,Privacy
tensorflow_privacy.privacy.bolt_on.optimizers.BoltOn,BoltOn,338,ChubaOraka\data-science-on-aws-workshop-2021-06-28\07_train\privacy\tensorflow_privacy\privacy\bolt_on\models_test.py,privacy,Privacy
privacy.analysis.rdp_accountant.compute_rdp,compute_rdp,190,ChubaOraka\data-science-on-aws-workshop-2021-05-15\10_pipeline\kubeflow\wip\07_Privacy_Differential.py,privacy,Privacy
tensorflow_privacy.privacy.membership_inference_attack.data_structures.RocCurve,RocCurve,194,ChubaOraka\data-science-on-aws-workshop-2021-06-28\07_train\privacy\tensorflow_privacy\privacy\membership_inference_attack\data_structures_test.py,privacy,Privacy
tensorflow_privacy.privacy.membership_inference_attack.data_structures.AttackInputData,AttackInputData,92,ChubaOraka\data-science-on-aws-workshop-2021-05-15\07_train\privacy\tensorflow_privacy\privacy\membership_inference_attack\data_structures_test.py,privacy,Privacy
tensorflow_privacy.privacy.membership_inference_attack.data_structures.RocCurve,RocCurve,93,data-science-on-aws-sagemaker\07_train\wip\privacy\tensorflow_privacy\privacy\membership_inference_attack\membership_inference_attack.py,privacy,Privacy
tensorflow_privacy.privacy.estimators.test_utils.make_input_data,test_utils.make_input_data,75,ChubaOraka\data-science-on-aws-workshop-2021-05-15\07_train\privacy\tensorflow_privacy\privacy\estimators\v1\head_test.py,privacy,Privacy
opacus.layers.DPMultiheadAttention,DPMultiheadAttention,67,msai-amin\DP-FL\opacus\tests\dp_layers\dp_multihead_attention_test.py,opacus,Privacy
tensorflow_privacy.privacy.optimizers.dp_optimizer.make_gaussian_optimizer_class,dp_optimizer.make_gaussian_optimizer_class,318,data-science-on-aws-workshop-2021-06-28\07_train\privacy\tensorflow_privacy\privacy\optimizers\dp_optimizer_test.py,privacy,Privacy
tensorflow_privacy.privacy.optimizers.dp_optimizer.make_gaussian_optimizer_class,dp_optimizer.make_gaussian_optimizer_class,318,ChubaOraka\data-science-on-aws-workshop-2021-06-28\07_train\privacy\tensorflow_privacy\privacy\optimizers\dp_optimizer_test.py,privacy,Privacy
tensorflow_privacy.privacy.analysis.rdp_accountant.compute_rdp,compute_rdp,41,leoalexand\aws-ds-NLP-BERT\07_train\wip\privacy\tutorials\mnist_dpsgd_tutorial_keras.py,privacy,Privacy
tensorflow_privacy.privacy.membership_inference_attack.data_structures.PrivacyReportMetadata,PrivacyReportMetadata,111,data-science-on-aws-workshop-2021-06-28\07_train\privacy\tensorflow_privacy\privacy\membership_inference_attack\codelabs\privacy_report_codelab.py,privacy,Privacy
tensorflow_privacy.privacy.estimators.test_utils.make_input_data,test_utils.make_input_data,53,ChubaOraka\data-science-on-aws-workshop-2021-05-15\07_train\privacy\tensorflow_privacy\privacy\estimators\v1\dnn_test.py,privacy,Privacy
privacy.optimizers.gaussian_query.GaussianAverageQuery,gaussian_query.GaussianAverageQuery,30,vijay-khanna\data-science-on-aws-sagemaker\10_pipeline\kubeflow\wip\privacy\optimizers\dp_optimizer.py,privacy,Privacy
tensorflow_privacy.privacy.dp_query.quantile_adaptive_clip_sum_query.QuantileAdaptiveClipSumQuery,quantile_adaptive_clip_sum_query.QuantileAdaptiveClipSumQuery,156,leoalexand\aws-ds-NLP-BERT\07_train\wip\privacy\tensorflow_privacy\privacy\dp_query\quantile_adaptive_clip_sum_query_test.py,privacy,Privacy
crypten.nn.Linear,crpyt_nn.Linear,12,hitimr\ML_2020\old\failed\cryptnet.py,crypten,Privacy
tensorflow_privacy.privacy.bolt_on.models.BoltOnModel,models.BoltOnModel,174,vijay-khanna\data-science-on-aws-sagemaker\07_train\wip\privacy\tensorflow_privacy\privacy\bolt_on\models_test.py,privacy,Privacy
privacy.optimizers.gaussian_query.GaussianSumQuery,gaussian_query.GaussianSumQuery,51,vijay-khanna\data-science-on-aws-sagemaker\10_pipeline\kubeflow\wip\privacy\optimizers\nested_query_test.py,privacy,Privacy
differential_privacy.multiple_teachers.utils.batch_indices,utils.batch_indices,498,data-science-on-aws-workshop-2021-06-28\10_pipeline\kubeflow\wip\privacy\research\pate_2017\deep_cnn.py,privacy,Privacy
tensorflow_privacy.privacy.bolt_on.optimizers.BoltOn,opt.BoltOn,414,data-science-on-aws-workshop-2021-06-28\07_train\privacy\tensorflow_privacy\privacy\bolt_on\optimizers_test.py,privacy,Privacy
tensorflow_privacy.privacy.bolt_on.losses.StrongConvexHuber,StrongConvexHuber,255,riku1212\dp-tsc-baseline\privacy\tensorflow_privacy\privacy\bolt_on\losses_test.py,privacy,Privacy
tensorflow_privacy.privacy.dp_query.no_privacy_query.NoPrivacySumQuery,no_privacy_query.NoPrivacySumQuery,22,ChubaOraka\data-science-on-aws-workshop-2021-05-15\07_train\privacy\tensorflow_privacy\privacy\dp_query\no_privacy_query_test.py,privacy,Privacy
tensorflow_privacy.privacy.bolt_on.models.BoltOnModel,models.BoltOnModel,21,vijay-khanna\data-science-on-aws-sagemaker\07_train\wip\privacy\tutorials\bolton_tutorial.py,privacy,Privacy
tensorflow_privacy.privacy.estimators.test_utils.make_input_data,test_utils.make_input_data,68,leoalexand\aws-ds-NLP-BERT\07_train\wip\privacy\tensorflow_privacy\privacy\estimators\multi_class_head_test.py,privacy,Privacy
tensorflow_privacy.privacy.dp_query.quantile_estimator_query.QuantileEstimatorQuery,quantile_estimator_query.QuantileEstimatorQuery,77,ChubaOraka\data-science-on-aws-workshop-2021-05-15\07_train\privacy\tensorflow_privacy\privacy\dp_query\quantile_adaptive_clip_sum_query.py,privacy,Privacy
tensorflow_privacy.privacy.membership_inference_attack.data_structures.AttackResultsCollection,AttackResultsCollection,89,ChubaOraka\data-science-on-aws-workshop-2021-05-15\07_train\privacy\tensorflow_privacy\privacy\membership_inference_attack\privacy_report_test.py,privacy,Privacy
privacy.analysis.rdp_accountant._compute_log_a,rdp_accountant._compute_log_a,98,data-science-on-aws-sagemaker\10_pipeline\kubeflow\wip\privacy\analysis\rdp_accountant_test.py,privacy,Privacy
privacy.optimizers.gaussian_query.GaussianSumQuery,gaussian_query.GaussianSumQuery,116,data-science-on-aws-sagemaker\10_pipeline\kubeflow\wip\privacy\optimizers\gaussian_query_test.py,privacy,Privacy
tensorflow_privacy.privacy.analysis.rdp_accountant.compute_rdp,rdp_accountant.compute_rdp,91,data-science-on-aws-workshop-2021-06-28\07_train\privacy\tensorflow_privacy\privacy\analysis\rdp_accountant_test.py,privacy,Privacy
tensorflow_privacy.privacy.dp_query.nested_query.NestedSumQuery,nested_query.NestedSumQuery,128,ChubaOraka\data-science-on-aws-workshop-2021-06-28\07_train\privacy\tensorflow_privacy\privacy\dp_query\nested_query_test.py,privacy,Privacy
tensorflow_privacy.privacy.bolt_on.optimizers.BoltOn,opt.BoltOn,491,leoalexand\aws-ds-NLP-BERT\07_train\wip\privacy\tensorflow_privacy\privacy\bolt_on\optimizers_test.py,privacy,Privacy
tensorflow_privacy.privacy.dp_query.nested_query.NestedSumQuery,nested_query.NestedSumQuery,141,vijay-khanna\data-science-on-aws-sagemaker\07_train\wip\privacy\tensorflow_privacy\privacy\dp_query\nested_query_test.py,privacy,Privacy
tensorflow_privacy.privacy.dp_query.test_utils.run_query,test_utils.run_query,34,ChubaOraka\data-science-on-aws-workshop-2021-05-15\07_train\privacy\tensorflow_privacy\privacy\dp_query\quantile_adaptive_clip_sum_query_test.py,privacy,Privacy
tensorflow_privacy.privacy.dp_query.quantile_adaptive_clip_sum_query.QuantileAdaptiveClipSumQuery,quantile_adaptive_clip_sum_query.QuantileAdaptiveClipSumQuery,226,riku1212\dp-tsc-baseline\privacy\tensorflow_privacy\privacy\dp_query\quantile_adaptive_clip_sum_query_test.py,privacy,Privacy
tensorflow_privacy.privacy.analysis.rdp_accountant.compute_rdp,rdp_accountant.compute_rdp,91,leoalexand\aws-ds-NLP-BERT\07_train\wip\privacy\tensorflow_privacy\privacy\analysis\rdp_accountant_test.py,privacy,Privacy
tf_encrypted.keras.models.clone_model,tfe.keras.models.clone_model,29,JYVSECTEC\PHR-model\Preparation\AI\Secure and Privacy-preserving Machine Learning\tf_encrypted.py,tf_encrypted,Reliability & Safety
tf_encrypted.Session,tfe.Session,192,barreira\lei-1819\TFEncrypted\mnist_half.py,tf_encrypted,Reliability & Safety
tf_encrypted.set_config,tfe.set_config,94,gkaissis\PriMIA\syft\frameworks\keras\model\sequential.py,tf_encrypted,Reliability & Safety
xaidemo.tracing.add_span_attributes,add_span_attributes,45,XAI-Demonstrator\xai-demonstrator\visual-inspection\inspection-backend\inspection\explainer\explain.py,xai,Transparency & Explainability
yellowbrick.regressor.PredictionError,PredictionError,1329,druce\iowa\iowa_colab.py,yellowbrick,Transparency & Explainability
yellowbrick.features.rankd.Rank2D,Rank2D,35,georgetown-analytics\classroom-occupancy\dataset_builder\Model Visualizations . Yellowbrick.py,yellowbrick,Transparency & Explainability
xaidemo.routers.vue_frontend,routers.vue_frontend,37,XAI-Demonstrator\xai-demonstrator\common\backend-utils\tests\test_routers.py,xai,Transparency & Explainability
eli5.lime.TextExplainer,TextExplainer,252,jonas-nothnagel\NLP-Project-Documents\notebooks_classification\technical_team\technical_team.py,eli5,Transparency & Explainability
yellowbrick.classifier.ConfusionMatrix,ConfusionMatrix,82,georgetown-analytics\Loan-Canoe\.ipynb_checkpoints\Visual analysis_Inspired by_Yellowbrick-checkpoint.py,yellowbrick,Transparency & Explainability
xaidemo.tracking.record.PartialRecordRequest,PartialRecordRequest,48,XAI-Demonstrator\xai-demonstrator\experiment-tracker\experiment-proxy\proxy\record.py,xai,Transparency & Explainability
yellowbrick.classifier.ConfusionMatrix,ConfusionMatrix,18,claudianopl\heart-disease-data-analysis\src\app\randomForestWithoutOutlier\randomForestWithoutOutlier.py,yellowbrick,Transparency & Explainability
yellowbrick.classifier.DiscriminationThreshold,DiscriminationThreshold,88,georgetown-analytics\Loan-Canoe\.ipynb_checkpoints\Visual analysis_Inspired by_Yellowbrick-checkpoint.py,yellowbrick,Transparency & Explainability
eli5.sklearn.PermutationImportance,PermutationImportance,40,SalatielBairros\world-happiness-report\services\regression_model_evaluation_service.py,eli5,Transparency & Explainability
yellowbrick.classifier.ConfusionMatrix,ConfusionMatrix,102,qemtek\football_trading\packages\football_trading\football_trading\src\ModelEvaluator.py,yellowbrick,Transparency & Explainability
xaidemo.tracing.instrument_app,tracing.instrument_app,23,XAI-Demonstrator\xai-demonstrator\guess-the-country\country-backend\country\main.py,xai,Transparency & Explainability
yellowbrick.model_selection.LearningCurve,LearningCurve,300,georgetown-analytics\Loan-Canoe\Phase_2_Models-AK Edits 09052019.py,yellowbrick,Transparency & Explainability
captum.attr.GradientShap,GradientShap,398,NBNARADHYA\bosch-inter-iit\services\server\model_output.py,captum,Transparency & Explainability
yellowbrick.regressor.AlphaSelection,AlphaSelection,1388,druce\iowa\iowa_parallel.py,yellowbrick,Transparency & Explainability
captum.attr.visualization.visualize_image_attr,viz.visualize_image_attr,188,johnzl-777\MFAC\Feature-Attribution\Fish-Attribution\model1e-050.5.2022-05-11 13_52_21 Work\TEST GPU Input X Gradient Attribution Generation.py,captum,Transparency & Explainability
captum.attr.visualization.visualize_image_attr,viz.visualize_image_attr,164,johnzl-777\MFAC\Feature-Attribution\Fish-Attribution\model1e-050.5.2022-05-11 13_52_21 Work\TEST GPU Input X Gradient Attribution Generation.py,captum,Transparency & Explainability
eli5.show_prediction,eli5.show_prediction,889,EvgenyKashin\CommentsAnalysis\FinalSolution.py,eli5,Transparency & Explainability
xaidemo.tracking.record.TaskMemory.get_tasks_and_erase_memory,TaskMemory.get_tasks_and_erase_memory,24,XAI-Demonstrator\xai-demonstrator\common\backend-utils\tests\tracking\test_record.py,xai,Transparency & Explainability
yellowbrick.model_selection.LearningCurve,LearningCurve,300,georgetown-analytics\Loan-Canoe\notebooks\01q_Phase_2_Models-09052019_ak.py,yellowbrick,Transparency & Explainability
yellowbrick.model_selection.LearningCurve,LearningCurve,247,georgetown-analytics\Loan-Canoe\notebooks\01t_Phase_3_Models_ak.py,yellowbrick,Transparency & Explainability
xaidemo.tracing.instrument_app,tracing.instrument_app,99,XAI-Demonstrator\xai-demonstrator\common\backend-utils\tests\test_tracing.py,xai,Transparency & Explainability
yellowbrick.model_selection.ValidationCurve,ValidationCurve,170,georgetown-analytics\Loan-Canoe\notebooks\03d_Prelim_ Machine Learning Pipeline_ with_ Yellowbrick Library_yr2013_tn.py,yellowbrick,Transparency & Explainability
yellowbrick.model_selection.ValidationCurve,ValidationCurve,228,georgetown-analytics\Loan-Canoe\notebooks\01t_Phase_3_Models_ak.py,yellowbrick,Transparency & Explainability
explainerdashboard.ExplainerDashboard,ExplainerDashboard,84,Practicum-Team-2\LungCancerClassifier\rf_dashboard\random_forest_dashboard.py,explainerdashboard,Transparency & Explainability
yellowbrick.features.Rank1D,Rank1D,34,georgetown-analytics\Loan-Canoe\notebooks\03c_Visual analysis_Inspired by_Yellowbrick_tn.py,yellowbrick,Transparency & Explainability
xaidemo.tracing.instrument_app,tracing.instrument_app,20,XAI-Demonstrator\xai-demonstrator\review-sentiment\sentiment-backend\sentiment\main.py,xai,Transparency & Explainability
shap.Explainer,shap.Explainer,61,felixpeters\lung-cancer-detection\nbs\14_Nodule_Classification_Tabular.py,shap,Transparency & Explainability
